id;body;date;active;likes;link;tipo_post
1;Saint Helena Pound mesh;2021-09-09T04:44:56;true;52091;Orchestrator;RECOMENDACAO
2;Buckinghamshire;2021-09-09T01:05:46;false;44200;Tools;RECOMENDACAO
3;magenta Guadeloupe orchid;2021-09-09T05:28:51;true;23477;revolutionize mobile;RECOMENDACAO
4;Designer bypassing;2021-09-09T01:48:37;false;8934;solution-oriented Incredible Cotton Tuna Illinois;ARTIGO
5;mint green Licensed Soft Shoes;2021-09-08T20:17:00;true;20383;Investor help-desk;ARTIGO
6;Steel Digitized;2021-09-09T02:49:31;true;59466;innovative generate Ergonomic Cotton Computer;RECOMENDACAO
7;Paradigm connecting calculate;2021-09-09T10:52:53;false;27341;synthesize;RECOMENDACAO
8;redefine program;2021-09-09T11:06:32;true;67903;initiatives matrix;CONFERENCIA
9;local area network copy;2021-09-08T23:20:31;true;1335;Gateway olive;NORMAL
10;applications holistic relationships;2021-09-08T23:38:43;false;56675;payment Enterprise-wide;NORMAL
